t,TS,Type of mobile,MMSI,Latitude,Longitude,Navigational status,ROT,SOG,COG,Heading,IMO,Callsign,Name,Ship type,Cargo type,Width,Length,Type of position fixing device,Draught,Destination,ETA,Data source type,geometry,traj_id,timedelta,acceleration,direction,oft_minutes60,oft_dummy60,haus_dist_a,lat,lon
2025-01-08 17:13:06,2025-01-08 17:13:06,Class A,352002677_0,55.746505,15.910128,Under way using engine,6.4,8.7,254.5,252.0,9297371,3E4997,SULEYMAN I,Tanker,Category OS,44.0,251.0,GPS,14.3,IN SIK,02/02/2025 23:00:00,AIS,POINT (15.910128 55.746505),352002677_0,0,0.0,251.03822424054312,0.0,0,7.724262590526037,55.746505,15.910128
2025-01-08 18:59:06,2025-01-08 18:59:06,Class A,352002677_0,55.65884,15.46204,Under way using engine,-6.4,9.3,251.9,252.0,9297371,3E4997,SULEYMAN I,Tanker,0,44.0,251.0,GPS,14.3,IN SIK,02/02/2025 23:00:00,AIS,POINT (15.46204 55.65884),352002677_0,0 days 01:46:00,0.0,251.03822424054312,106.0,1,7.306858093201825,55.65884,15.46204
2025-01-08 19:00:06,2025-01-08 19:00:06,Class A,352002677_0,55.658008,15.457582,Under way using engine,-7.5,9.3,252.0,251.0,9297371,3E4997,SULEYMAN I,Tanker,0,44.0,251.0,GPS,14.3,IN SIK,02/02/2025 23:00:00,AIS,POINT (15.457582 55.658008),352002677_0,0 days 00:01:00,3.950228987541143e-06,251.69596717605992,0.0,0,7.302719492618143,55.658008,15.457582
2025-01-08 19:01:06,2025-01-08 19:01:06,Class A,352002677_0,55.6572,15.453182,Under way using engine,8.7,9.4,251.1,252.0,9297371,3E4997,SULEYMAN I,Tanker,0,44.0,251.0,GPS,14.3,IN SIK,02/02/2025 23:00:00,AIS,POINT (15.453182 55.6572),352002677_0,0 days 00:01:00,-1.193174796679603e-06,251.97085540817685,0.0,0,7.298632104050799,55.6572,15.453182
2025-01-08 20:55:06,2025-01-08 20:55:06,Class A,352002677_0,55.556388,14.935885,Under way using engine,3.6,10.1,241.3,239.0,9297371,3E4997,SULEYMAN I,Tanker,0,44.0,251.0,GPS,14.3,IN SIK,02/02/2025 23:00:00,AIS,POINT (14.935885 55.556388),352002677_0,0 days 01:54:00,2.7447872829631675e-08,251.17890409539456,114.0,1,6.823012094673291,55.556388,14.935885
2025-01-08 22:52:00,2025-01-08 22:52:00,Class A,352002677_0,55.354368,14.471565,Under way using engine,-3.6,10.7,219.3,219.0,9297371,3E4997,SULEYMAN I,Tanker,0,44.0,251.0,GPS,14.3,IN SIK,02/02/2025 23:00:00,AIS,POINT (14.471565 55.354368),352002677_0,0 days 01:56:54,3.333647687676666e-08,232.69287383598993,117.0,1,6.437031887279882,55.354368,14.471565
2025-01-08 23:16:00,2025-01-08 23:16:00,Class A,352002677_0,55.298582,14.390847,Under way using engine,7.5,10.8,217.7,219.0,9297371,3E4997,SULEYMAN I,Tanker,0,44.0,251.0,GPS,14.3,IN SIK,02/02/2025 23:00:00,AIS,POINT (14.390847 55.298582),352002677_0,0 days 00:24:00,2.1965235819120712e-07,219.49281721391097,0.0,0,6.378339083784272,55.298582,14.390847
2025-01-08 23:34:01,2025-01-08 23:34:01,Class A,352002677_0,55.25588,14.331397,Under way using engine,1.1,10.8,217.3,218.0,9297371,3E4997,SULEYMAN I,Tanker,0,44.0,251.0,GPS,14.3,IN SIK,02/02/2025 23:00:00,AIS,POINT (14.331397 55.25588),352002677_0,0 days 00:18:01,2.4363131840560606e-08,218.4391826430274,0.0,0,6.336273969789029,55.25588,14.331397
2025-01-09 04:40:06,2025-01-09 04:40:06,Class A,352002677_0,54.83087,12.920512,Under way using engine,-2.2,9.3,245.6,242.0,9297371,3E4997,SULEYMAN I,Tanker,0,44.0,251.0,GPS,14.3,IN SIK,02/02/2025 23:00:00,AIS,POINT (12.920512 54.83087),352002677_0,0 days 05:06:05,-3.910663974005621e-09,242.84590842256137,306.0,1,5.221514244529169,54.83087,12.920512
2025-01-09 04:44:06,2025-01-09 04:44:06,Class A,352002677_0,54.826815,12.905467,Under way using engine,0.0,8.0,245.6,241.0,9297371,3E4997,SULEYMAN I,Tanker,0,44.0,251.0,GPS,14.3,IN SIK,02/02/2025 23:00:00,AIS,POINT (12.905467 54.826815),352002677_0,0 days 00:04:00,-4.581271350767312e-06,244.93088166085548,0.0,0,5.210354321057348,54.826815,12.905467
2025-01-09 06:31:07,2025-01-09 06:31:07,Class A,352002677_0,54.746743,12.663032,Under way using engine,0.0,7.5,237.2,236.0,9297371,3E4997,SULEYMAN I,Tanker,No additional information,44.0,251.0,GPS,14.3,IN SIK,02/02/2025 23:00:00,AIS,POINT (12.663032 54.746743),352002677_0,0 days 01:47:01,-2.5672374738784773e-07,240.29544889229814,107.0,1,5.041416401578031,54.746743,12.663032
2025-01-09 07:28:06,2025-01-09 07:28:06,Class A,352002677_0,54.691838,12.509947,Under way using engine,0.0,7.0,232.4,232.0,9297371,3E4997,SULEYMAN I,Tanker,No additional information,44.0,251.0,GPS,14.3,IN SIK,02/02/2025 23:00:00,AIS,POINT (12.509947 54.691838),352002677_0,0 days 00:56:59,1.7446674077915676e-07,238.2237923195886,0.0,0,4.94091890373542,54.691838,12.509947
2025-01-09 07:29:06,2025-01-09 07:29:06,Class A,352002677_0,54.690663,12.507293,Under way using engine,0.0,6.8,232.9,232.0,9297371,3E4997,SULEYMAN I,Tanker,No additional information,44.0,251.0,GPS,14.3,IN SIK,02/02/2025 23:00:00,AIS,POINT (12.507293 54.690663),352002677_0,0 days 00:01:00,3.2638711466275052e-06,232.54937069312194,0.0,0,4.939326884595613,54.690663,12.507293
2025-01-09 23:19:00,2025-01-09 23:19:00,Class A,352002677_0,56.337808,11.10365,Constrained by her draught,19.7,9.4,22.3,36.0,9297371,3E4997,SULEYMAN I,Tanker,Category Y,44.0,251.0,GPS,14.3,IN SIK,02/02/2025 23:00:00,AIS,POINT (11.10365 56.337808),352002677_0,0 days 15:49:54,-2.849533606333421e-10,334.8194317203261,950.0,1,4.610895775445375,56.337808,11.10365
2025-01-10 08:28:00,2025-01-10 08:28:00,Class A,352002677_0,57.684433,10.79952,Under way using engine,23.6,4.9,10.9,41.0,9297371,3E4997,SULEYMAN I,Tanker,No additional information,44.0,251.0,GPS,14.3,IN SIK,02/02/2025 23:00:00,AIS,POINT (10.79952 57.684433),352002677_0,0 days 09:09:00,3.07575849129531e-08,353.1170367015466,549.0,1,5.242928753428278,57.684433,10.79952
2025-01-10 12:03:00,2025-01-10 12:03:00,Class A,352002677_0,57.850045,9.956703,Under way using engine,0.0,12.5,271.9,271.0,9297371,3E4997,SULEYMAN I,Tanker,Category Y,44.0,251.0,GPS,14.3,IN SIK,02/02/2025 23:00:00,AIS,POINT (9.956703 57.850045),352002677_0,0 days 03:35:00,-3.441575341667936e-08,290.58071101115206,215.0,1,6.08986000754648,57.850045,9.956703
2025-01-10 12:09:00,2025-01-10 12:09:00,Class A,352002677_0,57.850488,9.917688,Under way using engine,-1.1,12.3,272.1,271.0,9297371,3E4997,SULEYMAN I,Tanker,No additional information,44.0,251.0,GPS,14.3,IN SIK,02/02/2025 23:00:00,AIS,POINT (9.917688 57.850488),352002677_0,0 days 00:06:00,6.371484376147405e-06,271.23890140133136,0.0,0,6.126685408928386,57.850488,9.917688
2025-01-10 12:21:00,2025-01-10 12:21:00,Class A,352002677_0,57.851102,9.841472,Under way using engine,3.6,12.0,269.0,271.0,9297371,3E4997,SULEYMAN I,Tanker,Category Y,44.0,251.0,GPS,14.3,IN SIK,02/02/2025 23:00:00,AIS,POINT (9.841472 57.851102),352002677_0,0 days 00:12:00,-2.0894080169576452e-07,270.899620400622,0.0,0,6.198616835091196,57.851102,9.841472
2025-01-10 12:39:01,2025-01-10 12:39:01,Class A,352002677_0,57.841632,9.732743,Under way using engine,1.1,12.0,243.3,246.0,9297371,3E4997,SULEYMAN I,Tanker,Category Y,44.0,251.0,GPS,14.3,IN SIK,02/02/2025 23:00:00,AIS,POINT (9.732743 57.841632),352002677_0,0 days 00:18:01,-2.164350219606154e-07,260.75152229044267,0.0,0,6.29799127483716,57.841632,9.732743
2025-01-10 12:45:01,2025-01-10 12:45:01,Class A,352002677_0,57.832833,9.698587,Under way using engine,0.0,12.1,243.4,246.0,9297371,3E4997,SULEYMAN I,Tanker,Category Y,44.0,251.0,GPS,14.3,IN SIK,02/02/2025 23:00:00,AIS,POINT (9.698587 57.832833),352002677_0,0 days 00:06:00,5.736520133463439e-07,244.19042230320233,0.0,0,6.3273705536156175,57.832833,9.698587
2025-01-10 16:31:00,2025-01-10 16:31:00,Class A,352002677_0,57.505938,8.480993,Under way using engine,0.0,11.3,245.0,244.0,9297371,3E4997,SULEYMAN I,Tanker,Category Y,44.0,251.0,GPS,14.3,IN SIK,02/02/2025 23:00:00,AIS,POINT (8.480993 57.505938),352002677_0,0 days 03:45:59,-1.9539437080269515e-08,243.8582754879339,226.0,1,7.40522792625595,57.505938,8.480993
2025-01-10 17:07:00,2025-01-10 17:07:00,Class A,352002677_0,57.452713,8.295307,Under way using engine,3.6,11.3,242.4,244.0,9297371,3E4997,SULEYMAN I,Tanker,Category Y,44.0,251.0,GPS,14.3,IN SIK,02/02/2025 23:00:00,AIS,POINT (8.295307 57.452713),352002677_0,0 days 00:36:00,-7.04645386679627e-08,242.01264644596614,0.0,0,7.573814922394263,57.452713,8.295307
